{
    "Goon_RAT": {
        "Version": "1.10.1822.1",
        "Scene": {
            "Name": true,
            "SupportShaderSelect": true
        },
        "Export Directory": "C:/Users/djbub/Downloads",
        "Object": {
            "Goon_RAT": {
                "Generation": "AccuRig",
                "Physics": {},
                "Meshes": {
                    "Cube_003": {
                        "Materials": {
                            "Material_006_Pbr": {
                                "Material Type": "Pbr",
                                "MultiUV Index": 0,
                                "Two Side": true,
                                "Diffuse Color": [
                                    204.00816345214845,
                                    53.7343635559082,
                                    107.14385986328125
                                ],
                                "Ambient Color": [
                                    12.973380088806153,
                                    12.973380088806153,
                                    12.973380088806153
                                ],
                                "Specular Color": [
                                    204.00816345214845,
                                    53.7343635559082,
                                    107.14385986328125
                                ],
                                "Opacity": 1.0,
                                "Self Illumination": 0.0,
                                "Textures": {}
                            }
                        }
                    },
                    "Cube_004": {
                        "Materials": {
                            "Material_007_Pbr": {
                                "Material Type": "Pbr",
                                "MultiUV Index": 0,
                                "Two Side": true,
                                "Diffuse Color": [
                                    100.89611053466797,
                                    52.753631591796878,
                                    51.1058235168457
                                ],
                                "Ambient Color": [
                                    12.973380088806153,
                                    12.973380088806153,
                                    12.973380088806153
                                ],
                                "Specular Color": [
                                    100.89611053466797,
                                    52.753631591796878,
                                    51.1058235168457
                                ],
                                "Opacity": 1.0,
                                "Self Illumination": 0.0,
                                "Textures": {}
                            },
                            "eyes_001_Pbr": {
                                "Material Type": "Pbr",
                                "MultiUV Index": 0,
                                "Two Side": true,
                                "Diffuse Color": [
                                    204.0102081298828,
                                    9.296279907226563,
                                    11.972504615783692
                                ],
                                "Ambient Color": [
                                    12.973380088806153,
                                    12.973380088806153,
                                    12.973380088806153
                                ],
                                "Specular Color": [
                                    204.0102081298828,
                                    9.296279907226563,
                                    11.972504615783692
                                ],
                                "Opacity": 1.0,
                                "Self Illumination": 0.0,
                                "Textures": {}
                            },
                            "Material_008_Pbr": {
                                "Material Type": "Pbr",
                                "MultiUV Index": 0,
                                "Two Side": true,
                                "Diffuse Color": [
                                    227.40211486816407,
                                    27.274290084838868,
                                    48.85621643066406
                                ],
                                "Ambient Color": [
                                    12.973380088806153,
                                    12.973380088806153,
                                    12.973380088806153
                                ],
                                "Specular Color": [
                                    227.40211486816407,
                                    27.274290084838868,
                                    48.85621643066406
                                ],
                                "Opacity": 1.0,
                                "Self Illumination": 0.0,
                                "Textures": {}
                            }
                        }
                    },
                    "Vert_001": {
                        "Materials": {
                            "Material_009_Pbr": {
                                "Material Type": "Pbr",
                                "MultiUV Index": 0,
                                "Two Side": true,
                                "Diffuse Color": [
                                    28.490896224975587,
                                    204.00587463378907,
                                    179.818603515625
                                ],
                                "Ambient Color": [
                                    12.973380088806153,
                                    12.973380088806153,
                                    12.973380088806153
                                ],
                                "Specular Color": [
                                    28.490896224975587,
                                    204.00587463378907,
                                    179.818603515625
                                ],
                                "Opacity": 1.0,
                                "Self Illumination": 0.0,
                                "Textures": {}
                            }
                        }
                    }
                }
            }
        }
    }
}